Sample;SUM+LOI; Sum (%);LOI (%);Test;Weight;Na2O (%);MgO (%);Al2O3 (%);SiO2 (%);K2O (%);CaO (%);TiO2 (%);Fe2O3 (%);MnO (%);P2O5 (%)
SBC-1 (brush greek shale);99.765;90.065;9.70;LOI EQUATION_1stRun;13.200;0.30;2.81;21.07;48.01;3.44;2.98;0.88;9.91;0.16;0.29
SBC-1 (brush greek shale);99.231;89.531;9.70;LOI EQUATION_2ndRun;13.200;0.06;2.71;21.08;47.64;3.44;3.06;0.86;10.01;0.16;0.30
SBC-1 (brush greek shale);99.441;89.741;9.70;LOI EQUATION_3rdRun;13.200;0.01;2.70;21.20;47.89;3.50;3.03;0.88;9.86;0.16;0.30
SBC-1 (brush greek shale);99.646;90.076;9.57;LOI COMPANY_1stRun;13.200;0.30;2.81;21.07;48.02;3.44;2.98;0.88;9.91;0.16;0.29
SBC-1 (brush greek shale);99.111;89.541;9.57;LOI COMPANY_2ndRun;13.200;0.06;2.71;21.08;47.65;3.44;3.06;0.86;10.01;0.16;0.30
SBC-1 (brush greek shale);99.322;89.752;9.57;LOI COMPANY_3rdRun;13.200;0.01;2.70;21.20;47.89;3.50;3.03;0.88;9.86;0.16;0.30
SBC-1 (brush greek shale);99.921;90.051;9.87;LOI CALCINATION_1stRun;13.200;0.30;2.80;21.06;48.00;3.44;2.98;0.88;9.91;0.16;0.29
SBC-1 (brush greek shale);99.387;89.517;9.87;LOI CALCINATION_2ndRun;13.200;0.06;2.71;21.08;47.64;3.43;3.06;0.86;10.01;0.16;0.30
SBC-1 (brush greek shale);99.597;89.727;9.87;LOI CALCINATION_3rdRun;13.200;0.01;2.70;21.20;47.88;3.50;3.03;0.88;9.86;0.16;0.30
SBC-1 (brush greek shale);102.127;91.427;10.70;LOI EQUATION_1stRun;13.000;-0.02;2.87;21.20;48.63;3.60;3.17;0.92;10.37;0.16;0.30
SBC-1 (brush greek shale);102.383;91.683;10.70;LOI EQUATION_2ndRun;13.000;0.07;2.80;21.30;48.53;3.65;3.20;0.87;10.53;0.16;0.29
SBC-1 (brush greek shale);102.008;91.308;10.70;LOI EQUATION_3rdRun;13.000;0.00;2.62;21.27;48.74;3.60;3.15;0.93;10.34;0.17;0.28
SBC-1 (brush greek shale);101.077;91.507;9.57;LOI COMPANY_1stRun;13.000;-0.02;2.87;21.22;48.68;3.60;3.18;0.92;10.38;0.16;0.30
SBC-1 (brush greek shale);101.333;91.763;9.57;LOI COMPANY_2ndRun;13.000;0.07;2.80;21.32;48.58;3.65;3.20;0.87;10.54;0.16;0.29
SBC-1 (brush greek shale);100.958;91.388;9.57;LOI COMPANY_3rdRun;13.000;0.00;2.63;21.29;48.78;3.60;3.15;0.93;10.34;0.17;0.28
SBC-1 (brush greek shale);101.355;91.485;9.87;LOI CALCINATION_1stRun;13.000;-0.02;2.87;21.22;48.67;3.60;3.18;0.92;10.38;0.16;0.30
SBC-1 (brush greek shale);101.612;91.742;9.87;LOI CALCINATION_2ndRun;13.000;0.07;2.80;21.31;48.56;3.65;3.20;0.87;10.54;0.16;0.29
SBC-1 (brush greek shale);101.237;91.367;9.87;LOI CALCINATION_3rdRun;13.000;0.00;2.63;21.29;48.77;3.60;3.15;0.93;10.34;0.17;0.28
SBC-1 (brush greek shale);103.222;93.062;10.16;LOI EQUATION_1stRun;12.800;-0.06;2.86;21.28;49.36;3.68;3.35;0.94;10.91;0.17;0.30
SBC-1 (brush greek shale);103.274;93.114;10.16;LOI EQUATION_2ndRun;12.800;-0.04;2.68;21.39;49.27;3.72;3.43;0.93;11.02;0.16;0.29
SBC-1 (brush greek shale);103.150;92.990;10.16;LOI EQUATION_3rdRun;12.800;0.09;2.58;21.37;49.40;3.68;3.31;0.95;10.87;0.18;0.30
SBC-1 (brush greek shale);102.667;93.097;9.57;LOI COMPANY_1stRun;12.800;-0.06;2.86;21.29;49.38;3.68;3.35;0.94;10.92;0.17;0.30
SBC-1 (brush greek shale);102.719;93.149;9.57;LOI COMPANY_2ndRun;12.800;-0.04;2.68;21.40;49.28;3.72;3.43;0.93;11.02;0.16;0.29
SBC-1 (brush greek shale);102.594;93.024;9.57;LOI COMPANY_3rdRun;12.800;0.09;2.58;21.38;49.42;3.68;3.31;0.95;10.88;0.18;0.30
SBC-1 (brush greek shale);102.949;93.079;9.87;LOI CALCINATION_1stRun;12.800;-0.06;2.86;21.29;49.37;3.68;3.35;0.94;10.92;0.17;0.30
SBC-1 (brush greek shale);103.001;93.131;9.87;LOI CALCINATION_2ndRun;12.800;-0.04;2.68;21.40;49.28;3.72;3.43;0.93;11.02;0.16;0.29
SBC-1 (brush greek shale);102.876;93.006;9.87;LOI CALCINATION_3rdRun;12.800;0.09;2.58;21.37;49.41;3.68;3.31;0.95;10.88;0.18;0.30
SBC-1 (brush greek shale);0;0;;REFERENCE VALUES;;0.15;2.60;21.00;47.64;3.45;2.95;0.855;9.71;0.15;0
SBC-1 (brush greek shale);0;0;0.08;REFERENCE DEVIATION;;0;0.01;0.04;0.087;0.01;0.01;0.003;0.02;0.001;0
SBC-1 (brush greek shale);0;0;;abs.dev. from calib line;;-0.09;0.00;-0.25;-0.35;0.14;0.04;0.01;0.18;0.01;0
SBC-1 (brush greek shale);0;0;;rel.dev. from calib line;;-60;0.02;-1.2;-0.74;4.2;1.4;0.77;1.9;9.5;0
NCSDC_73309 (stream sediment);103.062;99.462;3.60;LOI EQUATION_1stRun;13.200;0.35;0.75;11.02;77.76;3.25;0.75;0.35;4.54;0.37;0.02
NCSDC_73309 (stream sediment);102.681;99.081;3.60;LOI EQUATION_2ndRun;13.200;0.21;0.72;11.09;77.41;3.24;0.77;0.33;4.58;0.36;0.02
NCSDC_73309 (stream sediment);103.087;99.487;3.60;LOI EQUATION_3rdRun;13.200;0.35;0.69;11.09;77.87;3.15;0.74;0.34;4.54;0.35;0.02
NCSDC_73309 (stream sediment);102.535;99.515;3.02;LOI COMPANY_1stRun;13.200;0.35;0.75;11.02;77.80;3.25;0.75;0.35;4.54;0.37;0.02
NCSDC_73309 (stream sediment);102.153;99.133;3.02;LOI COMPANY_2ndRun;13.200;0.21;0.72;11.09;77.45;3.24;0.77;0.33;4.59;0.36;0.02
NCSDC_73309 (stream sediment);102.559;99.539;3.02;LOI COMPANY_3rdRun;13.200;0.35;0.69;11.09;77.91;3.15;0.74;0.34;4.55;0.35;0.02
NCSDC_73309 (stream sediment);102.453;99.523;2.93;LOI CALCINATION_1stRun;13.200;0.35;0.75;11.02;77.81;3.25;0.75;0.35;4.54;0.37;0.02
NCSDC_73309 (stream sediment);102.072;99.142;2.93;LOI CALCINATION_2ndRun;13.200;0.21;0.72;11.09;77.46;3.24;0.77;0.33;4.59;0.36;0.02
NCSDC_73309 (stream sediment);102.477;99.547;2.93;LOI CALCINATION_3rdRun;13.200;0.35;0.69;11.09;77.92;3.15;0.74;0.34;4.55;0.35;0.02
NCSDC_73309 (stream sediment);103.141;100.781;2.36;LOI EQUATION_1stRun;13.000;0.54;0.79;10.95;78.65;3.22;0.80;0.35;4.71;0.38;0.01
NCSDC_73309 (stream sediment);103.021;100.661;2.36;LOI EQUATION_2ndRun;13.000;0.50;0.69;11.17;78.28;3.32;0.82;0.34;4.77;0.37;0.01
NCSDC_73309 (stream sediment);103.767;101.407;2.36;LOI EQUATION_3rdRun;13.000;0.55;0.74;11.32;78.88;3.26;0.83;0.34;4.70;0.37;0.02
NCSDC_73309 (stream sediment);103.750;100.730;3.02;LOI COMPANY_1stRun;13.000;0.54;0.79;10.94;78.61;3.22;0.80;0.35;4.71;0.38;0.01
NCSDC_73309 (stream sediment);103.630;100.610;3.02;LOI COMPANY_2ndRun;13.000;0.50;0.69;11.16;78.24;3.32;0.82;0.34;4.76;0.37;0.01
NCSDC_73309 (stream sediment);104.375;101.355;3.02;LOI COMPANY_3rdRun;13.000;0.55;0.74;11.32;78.84;3.26;0.83;0.34;4.70;0.37;0.02
NCSDC_73309 (stream sediment);103.667;100.737;2.93;LOI CALCINATION_1stRun;13.000;0.54;0.79;10.94;78.62;3.22;0.80;0.35;4.71;0.38;0.01
NCSDC_73309 (stream sediment);103.547;100.617;2.93;LOI CALCINATION_2ndRun;13.000;0.50;0.69;11.16;78.24;3.32;0.82;0.34;4.76;0.37;0.01
NCSDC_73309 (stream sediment);104.292;101.362;2.93;LOI CALCINATION_3rdRun;13.000;0.55;0.74;11.32;78.84;3.26;0.83;0.34;4.70;0.37;0.02
NCSDC_73309 (stream sediment);105.379;102.399;2.98;LOI EQUATION_1stRun;12.800;0.32;0.81;11.03;79.79;3.36;0.96;0.35;4.97;0.39;0.01
NCSDC_73309 (stream sediment);105.174;102.194;2.98;LOI EQUATION_2ndRun;12.800;0.18;0.78;11.37;79.45;3.30;0.94;0.38;5.01;0.39;0.01
NCSDC_73309 (stream sediment);105.093;102.113;2.98;LOI EQUATION_3rdRun;12.800;0.27;0.72;11.12;79.56;3.28;1.01;0.35;4.98;0.40;0.02
NCSDC_73309 (stream sediment);105.418;102.398;3.02;LOI COMPANY_1stRun;12.800;0.32;0.81;11.03;79.79;3.36;0.96;0.35;4.97;0.39;0.01
NCSDC_73309 (stream sediment);105.210;102.190;3.02;LOI COMPANY_2ndRun;12.800;0.18;0.78;11.37;79.45;3.30;0.94;0.38;5.01;0.39;0.01
NCSDC_73309 (stream sediment);105.131;102.111;3.02;LOI COMPANY_3rdRun;12.800;0.27;0.72;11.12;79.56;3.28;1.01;0.35;4.98;0.40;0.02
NCSDC_73309 (stream sediment);105.334;102.404;2.93;LOI CALCINATION_1stRun;12.800;0.32;0.81;11.03;79.80;3.36;0.96;0.35;4.97;0.39;0.01
NCSDC_73309 (stream sediment);105.128;102.198;2.93;LOI CALCINATION_2ndRun;12.800;0.18;0.78;11.37;79.46;3.30;0.94;0.38;5.02;0.39;0.01
NCSDC_73309 (stream sediment);105.045;102.115;2.93;LOI CALCINATION_3rdRun;12.800;0.27;0.72;11.12;79.56;3.28;1.01;0.35;4.98;0.40;0.02
NCSDC_73309 (stream sediment);0;0;;REFERENCE VALUES;;0.46;0.62;10.37;76.25;3.28;0.47;;4.74;0;0
NCSDC_73309 (stream sediment);0;0;;REFERENCE DEVIATION;;0.03;0.07;0.10;0.18;0.07;0.03;;0.07;0;0
NCSDC_73309 (stream sediment);0;0;;abs.dev. from calib line;;0;0.07;0.51;0.79;-0.09;0.30;-0.01;0.10;0.04;0
NCSDC_73309 (stream sediment);0;0;;rel.dev. from calib line;;0;0.11;4.9;1.00;-2.9;64;-2.0;2.3;12;0
NCSDC_62108c (clay);102.355;97.245;5.11;LOI EQUATION_1stRun;13.200;1.52;2.06;14.36;68.61;2.49;1.79;0.71;5.32;0.10;0.08
NCSDC_62108c (clay);102.052;96.942;5.11;LOI EQUATION_2ndRun;13.200;1.67;1.91;14.33;68.37;2.43;1.78;0.69;5.39;0.10;0.08
NCSDC_62108c (clay);102.290;97.180;5.11;LOI EQUATION_3rdRun;13.200;1.60;1.90;14.39;68.59;2.44;1.86;0.72;5.32;0.10;0.07
NCSDC_62108c (clay);101.836;97.296;4.54;LOI COMPANY_1stRun;13.200;1.52;2.06;14.36;68.65;2.49;1.80;0.71;5.33;0.10;0.08
NCSDC_62108c (clay);101.532;96.992;4.54;LOI COMPANY_2ndRun;13.200;1.67;1.91;14.34;68.41;2.43;1.78;0.70;5.39;0.10;0.08
NCSDC_62108c (clay);101.770;97.230;4.54;LOI COMPANY_3rdRun;13.200;1.60;1.90;14.40;68.63;2.44;1.86;0.73;5.32;0.10;0.07
NCSDC_62108c (clay);102.437;97.237;5.20;LOI CALCINATION_1stRun;13.200;1.52;2.06;14.35;68.61;2.49;1.79;0.71;5.32;0.10;0.08
NCSDC_62108c (clay);102.134;96.934;5.20;LOI CALCINATION_2ndRun;13.200;1.67;1.91;14.33;68.37;2.43;1.78;0.69;5.39;0.10;0.08
NCSDC_62108c (clay);102.372;97.172;5.20;LOI CALCINATION_3rdRun;13.200;1.60;1.90;14.39;68.59;2.44;1.86;0.72;5.32;0.10;0.07
NCSDC_62108c (clay);103.210;97.410;5.80;LOI EQUATION_1stRun;13.000;1.30;1.94;14.22;68.94;2.51;1.83;0.71;5.51;0.11;0.08
NCSDC_62108c (clay);103.069;97.269;5.80;LOI EQUATION_2ndRun;13.000;1.31;1.98;14.23;68.63;2.50;1.90;0.73;5.59;0.11;0.07
NCSDC_62108c (clay);103.837;98.037;5.80;LOI EQUATION_3rdRun;13.000;1.59;1.80;14.42;69.07;2.60;1.90;0.74;5.51;0.11;0.07
NCSDC_62108c (clay);102.045;97.505;4.54;LOI COMPANY_1stRun;13.000;1.30;1.95;14.24;69.01;2.52;1.83;0.71;5.52;0.11;0.08
NCSDC_62108c (clay);101.904;97.364;4.54;LOI COMPANY_2ndRun;13.000;1.31;1.98;14.24;68.69;2.50;1.90;0.73;5.60;0.11;0.07
NCSDC_62108c (clay);102.673;98.133;4.54;LOI COMPANY_3rdRun;13.000;1.59;1.80;14.44;69.14;2.61;1.90;0.74;5.52;0.11;0.07
NCSDC_62108c (clay);102.655;97.455;5.20;LOI CALCINATION_1stRun;13.000;1.30;1.95;14.23;68.97;2.51;1.83;0.71;5.51;0.11;0.08
NCSDC_62108c (clay);102.514;97.314;5.20;LOI CALCINATION_2ndRun;13.000;1.31;1.98;14.24;68.66;2.50;1.90;0.73;5.60;0.11;0.07
NCSDC_62108c (clay);103.283;98.083;5.20;LOI CALCINATION_3rdRun;13.000;1.59;1.80;14.43;69.11;2.60;1.90;0.74;5.51;0.11;0.07
NCSDC_62108c (clay);104.498;100.038;4.46;LOI EQUATION_1stRun;12.800;1.37;1.98;14.52;70.59;2.48;2.07;0.76;5.84;0.11;0.07
NCSDC_62108c (clay);104.683;100.223;4.46;LOI EQUATION_2ndRun;12.800;1.49;1.94;14.45;70.49;2.63;2.12;0.75;5.94;0.11;0.07
NCSDC_62108c (clay);105.045;100.585;4.46;LOI EQUATION_3rdRun;12.800;1.36;2.01;14.77;70.80;2.52;2.12;0.77;5.84;0.11;0.06
NCSDC_62108c (clay);104.573;100.033;4.54;LOI COMPANY_1stRun;12.800;1.37;1.98;14.52;70.59;2.48;2.07;0.76;5.84;0.11;0.07
NCSDC_62108c (clay);104.758;100.218;4.54;LOI COMPANY_2ndRun;12.800;1.49;1.94;14.44;70.49;2.63;2.12;0.75;5.94;0.11;0.07
NCSDC_62108c (clay);105.120;100.580;4.54;LOI COMPANY_3rdRun;12.800;1.36;2.01;14.76;70.80;2.52;2.12;0.77;5.84;0.11;0.06
NCSDC_62108c (clay);105.191;99.991;5.20;LOI CALCINATION_1stRun;12.800;1.37;1.98;14.51;70.56;2.48;2.07;0.76;5.83;0.11;0.07
NCSDC_62108c (clay);105.376;100.176;5.20;LOI CALCINATION_2ndRun;12.800;1.49;1.94;14.44;70.46;2.63;2.12;0.75;5.94;0.11;0.07
NCSDC_62108c (clay);105.739;100.539;5.20;LOI CALCINATION_3rdRun;12.800;1.36;2.01;14.76;70.77;2.52;2.12;0.77;5.83;0.11;0.06
NCSDC_62108c (clay);0;0;gravim;REFERENCE VALUES;;1.50;1.82;13.79;67.74;2.40;1.62;0.71;5.17;0;0
NCSDC_62108c (clay);0;0;0.12;REFERENCE DEVIATION (k=2);;0.04;0.04;0.04;0.07;0.05;0.04;0.03;0.03;0;0
NCSDC_62108c (clay);0;0;;abs.dev. from calib line;;-0.22;0.01;0.26;-0.98;0.10;0.18;-0.01;0.07;0.01;0
NCSDC_62108c (clay);0;0;;rel.dev. from calib line;;-0.15;0.42;1.9;-1.4;4.1;11;-0.91;1.4;14;0
SX07-10 (dolomite subst);97.520;92.270;5.25;LOI EQUATION_1stRun;13.200;0.32;34.25;7.12;9.72;0.03;32.90;0.23;5.97;0.91;0.31
SX07-10 (dolomite subst);97.331;92.081;5.25;LOI EQUATION_2ndRun;13.200;0.02;33.81;7.34;9.70;0.08;33.24;0.23;5.94;0.90;0.33
SX07-10 (dolomite subst);98.169;92.919;5.25;LOI EQUATION_3rdRun;13.200;0.06;33.94;8.13;9.66;0.00;33.25;0.24;5.94;0.90;0.32
SX07-10 (dolomite subst);92.713;92.713;0;LOI COMPANY_1stRun;13.200;0.32;34.41;7.16;9.77;0.03;33.06;0.23;6.00;0.92;0.31
SX07-10 (dolomite subst);92.523;92.523;0;LOI COMPANY_2ndRun;13.200;0.02;33.97;7.37;9.75;0.08;33.40;0.23;5.97;0.91;0.33
SX07-10 (dolomite subst);93.365;93.365;0;LOI COMPANY_3rdRun;13.200;0.06;34.10;8.17;9.71;0.00;33.41;0.24;5.97;0.90;0.32
SX07-10 (dolomite subst);98.555;92.175;6.38;LOI CALCINATION_1stRun;13.200;0.32;34.21;7.12;9.71;0.03;32.87;0.23;5.97;0.91;0.31
SX07-10 (dolomite subst);98.366;91.986;6.38;LOI CALCINATION_2ndRun;13.200;0.02;33.78;7.33;9.69;0.08;33.20;0.23;5.94;0.90;0.33
SX07-10 (dolomite subst);99.203;92.823;6.38;LOI CALCINATION_3rdRun;13.200;0.06;33.91;8.13;9.65;0.00;33.22;0.24;5.93;0.90;0.32
SX07-10 (dolomite subst);99.143;93.953;5.19;LOI EQUATION_1stRun;13.000;0.02;34.47;7.35;9.96;0.00;33.74;0.23;6.36;0.97;0.32
SX07-10 (dolomite subst);98.820;93.630;5.19;LOI EQUATION_2ndRun;13.000;0.15;33.94;7.28;9.91;-0.01;33.96;0.23;6.35;0.95;0.33
SX07-10 (dolomite subst);99.026;93.836;5.19;LOI EQUATION_3rdRun;13.000;0.09;34.06;7.35;9.93;-0.05;34.09;0.23;6.33;0.95;0.32
SX07-10 (dolomite subst);94.329;94.329;0;LOI COMPANY_1stRun;13.000;0.02;34.61;7.38;10.00;0.00;33.87;0.24;6.38;0.98;0.32
SX07-10 (dolomite subst);94.006;94.006;0;LOI COMPANY_2ndRun;13.000;0.15;34.08;7.31;9.95;-0.01;34.09;0.23;6.37;0.96;0.33
SX07-10 (dolomite subst);94.212;94.212;0;LOI COMPANY_3rdRun;13.000;0.09;34.20;7.38;9.97;-0.06;34.22;0.24;6.35;0.96;0.32
SX07-10 (dolomite subst);100.247;93.867;6.38;LOI CALCINATION_1stRun;13.000;0.02;34.44;7.34;9.95;0.00;33.71;0.23;6.35;0.97;0.32
SX07-10 (dolomite subst);99.924;93.544;6.38;LOI CALCINATION_2ndRun;13.000;0.15;33.91;7.27;9.90;-0.01;33.93;0.23;6.34;0.95;0.33
SX07-10 (dolomite subst);100.129;93.749;6.38;LOI CALCINATION_3rdRun;13.000;0.09;34.03;7.34;9.92;-0.05;34.05;0.23;6.32;0.95;0.32
SX07-10 (dolomite subst);102.051;96.101;5.95;LOI EQUATION_1stRun;12.800;0.01;34.69;7.37;10.15;0.02;34.87;0.27;6.81;1.03;0.32
SX07-10 (dolomite subst);101.633;95.683;5.95;LOI EQUATION_2ndRun;12.800;0.10;34.18;7.32;10.13;0.05;34.89;0.24;6.81;1.03;0.34
SX07-10 (dolomite subst);101.916;95.966;5.95;LOI EQUATION_3rdRun;12.800;0.08;34.18;7.47;10.18;0.07;34.97;0.24;6.82;1.03;0.33
SX07-10 (dolomite subst);96.460;96.460;0;LOI COMPANY_1stRun;12.800;0.01;34.82;7.39;10.19;0.02;35.00;0.27;6.84;1.03;0.32
SX07-10 (dolomite subst);96.040;96.040;0;LOI COMPANY_2ndRun;12.800;0.10;34.31;7.35;10.17;0.05;35.02;0.24;6.83;1.03;0.34
SX07-10 (dolomite subst);96.324;96.324;0;LOI COMPANY_3rdRun;12.800;0.08;34.31;7.50;10.21;0.07;35.10;0.24;6.84;1.04;0.33
SX07-10 (dolomite subst);102.455;96.075;6.38;LOI CALCINATION_1stRun;12.800;0.01;34.68;7.36;10.15;0.02;34.86;0.27;6.81;1.03;0.32
SX07-10 (dolomite subst);102.037;95.657;6.38;LOI CALCINATION_2ndRun;12.800;0.10;34.18;7.32;10.13;0.05;34.88;0.24;6.80;1.03;0.34
SX07-10 (dolomite subst);102.320;95.940;6.38;LOI CALCINATION_3rdRun;12.800;0.08;34.17;7.47;10.17;0.07;34.96;0.24;6.82;1.03;0.33
SX07-10 (dolomite subst);0;0;;REFERENCE VALUES;;;35.30;8.28;10.23;0.077;35.36;0.301;5.14;1.079;0
SX07-10 (dolomite subst);0;0;;REFERENCE CONFIDENCE INTERVAL (95);;;0.06;0.05;0.1;0.001;0.20;0.005;0.02;0.01;0
SX07-10 (dolomite subst);0;0;;abs.dev. from calib line;;-0.09;-1.69;-1.18;-0.5;0.00;-1.79;-0.07;-1.40;0.47;0
SX07-10 (dolomite subst);0;0;;rel.dev. from calib line;;NO;-4.8;-0.14;-4.9;-0.12;-5.1;-24;-19;103;0
NCSDC_28009a (limestone);103.968;60.638;43.33;LOI EQUATION_1stRun;13.200;-0.11;7.36;0.57;3.44;0.24;48.48;0.02;0.20;0.00;0.35
NCSDC_28009a (limestone);104.824;61.494;43.33;LOI EQUATION_2ndRun;13.200;-0.02;7.14;0.67;3.42;0.23;49.40;0.03;0.20;0.01;0.36
NCSDC_28009a (limestone);104.676;61.346;43.33;LOI EQUATION_3rdRun;13.200;-0.05;7.29;0.55;3.42;0.18;49.26;0.02;0.20;0.00;0.39
NCSDC_28009a (limestone);104.110;60.630;43.48;LOI COMPANY_1stRun;13.200;-0.11;7.36;0.57;3.44;0.24;48.48;0.02;0.20;0.00;0.35
NCSDC_28009a (limestone);104.965;61.485;43.48;LOI COMPANY_2ndRun;13.200;-0.02;7.14;0.67;3.42;0.23;49.39;0.03;0.20;0.01;0.36
NCSDC_28009a (limestone);104.818;61.338;43.48;LOI COMPANY_3rdRun;13.200;-0.05;7.28;0.55;3.42;0.18;49.26;0.02;0.20;0.00;0.39
NCSDC_28009a (limestone);104.600;60.600;44.00;LOI CALCINATION_1stRun;13.200;-0.11;7.36;0.57;3.44;0.24;48.45;0.02;0.20;0.00;0.35
NCSDC_28009a (limestone);105.455;61.455;44.00;LOI CALCINATION_2ndRun;13.200;-0.02;7.14;0.66;3.42;0.23;49.36;0.03;0.20;0.01;0.36
NCSDC_28009a (limestone);105.307;61.307;44.00;LOI CALCINATION_3rdRun;13.200;-0.05;7.28;0.55;3.42;0.18;49.23;0.02;0.20;0.00;0.39
NCSDC_28009a (limestone);104.546;61.176;43.37;LOI EQUATION_1stRun;13.000;-0.13;7.24;0.55;3.52;0.19;49.12;0.04;0.21;0.00;0.35
NCSDC_28009a (limestone);105.443;62.073;43.37;LOI EQUATION_2ndRun;13.000;-0.04;7.28;0.54;3.51;0.23;49.84;0.03;0.21;0.00;0.38
NCSDC_28009a (limestone);105.702;62.332;43.37;LOI EQUATION_3rdRun;13.000;0.01;7.39;0.59;3.49;0.18;49.92;0.04;0.21;0.00;0.41
NCSDC_28009a (limestone);104.650;61.170;43.48;LOI COMPANY_1stRun;13.000;-0.13;7.24;0.55;3.52;0.19;49.11;0.04;0.21;0.00;0.35
NCSDC_28009a (limestone);105.547;62.067;43.48;LOI COMPANY_2ndRun;13.000;-0.04;7.28;0.54;3.51;0.23;49.83;0.03;0.21;0.00;0.38
NCSDC_28009a (limestone);105.806;62.326;43.48;LOI COMPANY_3rdRun;13.000;0.01;7.39;0.59;3.49;0.18;49.91;0.04;0.21;0.00;0.41
NCSDC_28009a (limestone);105.145;61.145;44.00;LOI CALCINATION_1stRun;13.000;-0.13;7.24;0.55;3.52;0.19;49.09;0.04;0.21;0.00;0.35
NCSDC_28009a (limestone);106.042;62.042;44.00;LOI CALCINATION_2ndRun;13.000;-0.04;7.28;0.54;3.50;0.23;49.81;0.03;0.21;0.00;0.38
NCSDC_28009a (limestone);106.300;62.300;44.00;LOI CALCINATION_3rdRun;13.000;0.01;7.39;0.59;3.49;0.18;49.89;0.04;0.21;0.00;0.41
NCSDC_28009a (limestone);105.894;62.314;43.58;LOI EQUATION_1stRun;12.800;-0.11;7.53;0.67;3.61;0.17;49.69;0.04;0.23;0.00;0.38
NCSDC_28009a (limestone);106.961;63.381;43.58;LOI EQUATION_2ndRun;12.800;-0.03;7.40;0.61;3.63;0.24;50.79;0.05;0.23;0.00;0.37
NCSDC_28009a (limestone);107.179;63.599;43.58;LOI EQUATION_3rdRun;12.800;0.03;7.51;0.63;3.61;0.21;50.81;0.05;0.23;0.00;0.42
NCSDC_28009a (limestone);105.798;62.318;43.48;LOI COMPANY_1stRun;12.800;-0.11;7.53;0.67;3.61;0.17;49.70;0.04;0.23;0.00;0.38
NCSDC_28009a (limestone);106.865;63.385;43.48;LOI COMPANY_2ndRun;12.800;-0.03;7.40;0.61;3.63;0.24;50.79;0.05;0.23;0.00;0.37
NCSDC_28009a (limestone);107.083;63.603;43.48;LOI COMPANY_3rdRun;12.800;0.03;7.51;0.63;3.61;0.21;50.82;0.05;0.23;0.00;0.42
NCSDC_28009a (limestone);106.297;62.297;44.00;LOI CALCINATION_1stRun;12.800;-0.11;7.52;0.67;3.60;0.17;49.68;0.04;0.23;0.00;0.38
NCSDC_28009a (limestone);107.364;63.364;44.00;LOI CALCINATION_2ndRun;12.800;-0.03;7.39;0.61;3.63;0.24;50.78;0.05;0.23;0.00;0.37
NCSDC_28009a (limestone);107.582;63.582;44.00;LOI CALCINATION_3rdRun;12.800;0.03;7.51;0.62;3.61;0.21;50.80;0.05;0.23;0.00;0.42
NCSDC_28009a (limestone);0;0;gravim;REFERENCE VALUES;;0.012;6.65;0.47;2.56;0.272;45.90;0.024;0.235;0.0049;0
NCSDC_28009a (limestone);0;0;0.10;REFERENCE DEVIATION;;0.002;0.06;0.01;0.03;0.004;0.10;0.001;0.004;0.0002;0
NCSDC_28009a (limestone);0;0;;abs.dev. from calib line/ NOT IN THE CALIB;;0;0;0;0;0;0;0;0;0;0
NCSDC_28009a (limestone);0;0;;rel.dev. from calib line/ NOT IN THE CALIB;;0;0;0;0;0;0;0;0;0;0
NCSDC_28012a (dolomite);103.381;57.481;45.90;LOI EQUATION_1stRun;13.200;0.15;22.09;0.38;2.13;0.08;32.05;0.02;0.25;0.01;0.26
NCSDC_28012a (dolomite);103.759;57.859;45.90;LOI EQUATION_2ndRun;13.200;0.15;22.01;0.32;2.12;-0.01;32.65;0.02;0.25;0.01;0.27
NCSDC_28012a (dolomite);104.332;58.432;45.90;LOI EQUATION_3rdRun;13.200;0.26;22.34;0.27;2.13;0.01;32.78;0.02;0.25;0.01;0.29
NCSDC_28012a (dolomite);103.079;57.499;45.58;LOI COMPANY_1stRun;13.200;0.15;22.09;0.38;2.13;0.08;32.06;0.02;0.25;0.01;0.26
NCSDC_28012a (dolomite);103.457;57.877;45.58;LOI COMPANY_2ndRun;13.200;0.15;22.01;0.32;2.13;-0.01;32.66;0.02;0.25;0.01;0.27
NCSDC_28012a (dolomite);104.030;58.450;45.58;LOI COMPANY_3rdRun;13.200;0.26;22.35;0.27;2.13;0.01;32.79;0.02;0.25;0.01;0.29
NCSDC_28012a (dolomite);101.840;57.570;44.27;LOI CALCINATION_1stRun;13.200;0.15;22.12;0.38;2.14;0.08;32.10;0.02;0.25;0.01;0.27
NCSDC_28012a (dolomite);102.219;57.949;44.27;LOI CALCINATION_2ndRun;13.200;0.15;22.04;0.32;2.13;-0.01;32.70;0.02;0.25;0.01;0.28
NCSDC_28012a (dolomite);102.793;58.523;44.27;LOI CALCINATION_3rdRun;13.200;0.26;22.38;0.27;2.14;0.01;32.83;0.02;0.25;0.01;0.29
NCSDC_28012a (dolomite);104.853;58.563;46.29;LOI EQUATION_1stRun;13.000;0.29;22.35;0.37;2.22;0.02;32.65;0.03;0.26;0.01;0.27
NCSDC_28012a (dolomite);105.051;58.761;46.29;LOI EQUATION_2ndRun;13.000;0.21;22.25;0.32;2.21;0.02;33.07;0.02;0.27;0.01;0.28
NCSDC_28012a (dolomite);105.077;58.787;46.29;LOI EQUATION_3rdRun;13.000;0.07;22.54;0.27;2.20;0.07;32.95;0.02;0.26;0.01;0.31
NCSDC_28012a (dolomite);104.177;58.597;45.58;LOI COMPANY_1stRun;13.000;0.29;22.36;0.37;2.22;0.02;32.67;0.03;0.26;0.01;0.27
NCSDC_28012a (dolomite);104.374;58.794;45.58;LOI COMPANY_2ndRun;13.000;0.21;22.27;0.32;2.21;0.02;33.09;0.02;0.27;0.01;0.28
NCSDC_28012a (dolomite);104.400;58.820;45.58;LOI COMPANY_3rdRun;13.000;0.07;22.55;0.27;2.20;0.07;32.97;0.02;0.26;0.01;0.31
NCSDC_28012a (dolomite);102.928;58.658;44.27;LOI CALCINATION_1stRun;13.000;0.29;22.39;0.37;2.22;0.02;32.71;0.03;0.27;0.01;0.27
NCSDC_28012a (dolomite);103.125;58.855;44.27;LOI CALCINATION_2ndRun;13.000;0.21;22.29;0.32;2.21;0.02;33.12;0.02;0.27;0.01;0.28
NCSDC_28012a (dolomite);103.152;58.882;44.27;LOI CALCINATION_3rdRun;13.000;0.07;22.58;0.27;2.20;0.07;33.00;0.02;0.26;0.01;0.31
NCSDC_28012a (dolomite);104.247;59.487;44.76;LOI EQUATION_1stRun;12.800;0.14;22.57;0.34;2.34;0.09;33.32;0.02;0.28;0.01;0.27
NCSDC_28012a (dolomite);104.793;60.033;44.76;LOI EQUATION_2ndRun;12.800;0.21;22.32;0.36;2.32;0.00;34.13;0.04;0.28;0.01;0.29
NCSDC_28012a (dolomite);105.099;60.339;44.76;LOI EQUATION_3rdRun;12.800;0.02;22.89;0.38;2.33;0.00;33.99;0.03;0.28;0.01;0.32
NCSDC_28012a (dolomite);105.035;59.455;45.58;LOI COMPANY_1stRun;12.800;0.14;22.55;0.34;2.34;0.09;33.30;0.02;0.28;0.01;0.27
NCSDC_28012a (dolomite);105.581;60.001;45.58;LOI COMPANY_2ndRun;12.800;0.21;22.30;0.36;2.32;0.00;34.12;0.04;0.28;0.01;0.29
NCSDC_28012a (dolomite);105.887;60.307;45.58;LOI COMPANY_3rdRun;12.800;0.02;22.87;0.38;2.33;0.00;33.97;0.03;0.28;0.01;0.32
NCSDC_28012a (dolomite);103.775;59.505;44.27;LOI CALCINATION_1stRun;12.800;0.14;22.57;0.34;2.34;0.09;33.33;0.02;0.28;0.01;0.27
NCSDC_28012a (dolomite);104.322;60.052;44.27;LOI CALCINATION_2ndRun;12.800;0.21;22.32;0.36;2.32;0.00;34.14;0.04;0.28;0.01;0.29
NCSDC_28012a (dolomite);104.628;60.358;44.27;LOI CALCINATION_3rdRun;12.800;0.02;22.89;0.38;2.34;0.00;34.00;0.03;0.28;0.01;0.32
NCSDC_28012a (dolomite);0;0;gravim;REFERENCE VALUES;;0.012;20.92;0.23;1.48;0.085;30.94;0.0080;0.26;0.011;0.00
NCSDC_28012a (dolomite);0;0;0.07;REFERENCE DEVIATION (k=2);;0.001;0.08;0.01;0.03;0.003;0.09;0.0005;0.01;0.001;0.00
NCSDC_28012a (dolomite);0;0;;abs.dev. from calib line/ NOT IN THE CALIB;;0.00;0.00;0.00;0.00;0.00;0.00;0.00;0.00;0.00;0.00
NCSDC_28012a (dolomite);0;0;;rel.dev. from calib line/ NOT IN THE CALIB;;0.00;0.00;0.00;0.00;0.00;0.00;0.00;0.00;0.00;0.00